Options/FeaturesID,Options/Features
0,Backup Camera
1,"Backup Camera, Bluetooth"
2,"Backup Camera, Bluetooth, GPS"
3,"Backup Camera, Bluetooth, GPS, Heated Seats"
4,"Backup Camera, Bluetooth, GPS, Leather Seats"
5,"Backup Camera, Bluetooth, GPS, Remote Start"
6,"Backup Camera, Bluetooth, GPS, Sunroof"
7,"Backup Camera, Bluetooth, Heated Seats"
8,"Backup Camera, Bluetooth, Heated Seats, GPS"
9,"Backup Camera, Bluetooth, Heated Seats, Leather Seats"
10,"Backup Camera, Bluetooth, Heated Seats, Remote Start"
11,"Backup Camera, Bluetooth, Heated Seats, Sunroof"
12,"Backup Camera, Bluetooth, Leather Seats"
13,"Backup Camera, Bluetooth, Leather Seats, GPS"
14,"Backup Camera, Bluetooth, Leather Seats, Heated Seats"
15,"Backup Camera, Bluetooth, Leather Seats, Remote Start"
16,"Backup Camera, Bluetooth, Leather Seats, Sunroof"
17,"Backup Camera, Bluetooth, Remote Start"
18,"Backup Camera, Bluetooth, Remote Start, GPS"
19,"Backup Camera, Bluetooth, Remote Start, Heated Seats"
20,"Backup Camera, Bluetooth, Remote Start, Leather Seats"
21,"Backup Camera, Bluetooth, Remote Start, Sunroof"
22,"Backup Camera, Bluetooth, Sunroof"
23,"Backup Camera, Bluetooth, Sunroof, GPS"
24,"Backup Camera, Bluetooth, Sunroof, Heated Seats"
25,"Backup Camera, Bluetooth, Sunroof, Leather Seats"
26,"Backup Camera, Bluetooth, Sunroof, Remote Start"
27,"Backup Camera, GPS"
28,"Backup Camera, GPS, Bluetooth"
29,"Backup Camera, GPS, Bluetooth, Heated Seats"
30,"Backup Camera, GPS, Bluetooth, Leather Seats"
31,"Backup Camera, GPS, Bluetooth, Remote Start"
32,"Backup Camera, GPS, Bluetooth, Sunroof"
33,"Backup Camera, GPS, Heated Seats"
34,"Backup Camera, GPS, Heated Seats, Bluetooth"
35,"Backup Camera, GPS, Heated Seats, Leather Seats"
36,"Backup Camera, GPS, Heated Seats, Remote Start"
37,"Backup Camera, GPS, Heated Seats, Sunroof"
38,"Backup Camera, GPS, Leather Seats"
39,"Backup Camera, GPS, Leather Seats, Bluetooth"
40,"Backup Camera, GPS, Leather Seats, Heated Seats"
41,"Backup Camera, GPS, Leather Seats, Remote Start"
42,"Backup Camera, GPS, Leather Seats, Sunroof"
43,"Backup Camera, GPS, Remote Start"
44,"Backup Camera, GPS, Remote Start, Bluetooth"
45,"Backup Camera, GPS, Remote Start, Heated Seats"
46,"Backup Camera, GPS, Remote Start, Leather Seats"
47,"Backup Camera, GPS, Remote Start, Sunroof"
48,"Backup Camera, GPS, Sunroof"
49,"Backup Camera, GPS, Sunroof, Bluetooth"
50,"Backup Camera, GPS, Sunroof, Heated Seats"
51,"Backup Camera, GPS, Sunroof, Leather Seats"
52,"Backup Camera, GPS, Sunroof, Remote Start"
53,"Backup Camera, Heated Seats"
54,"Backup Camera, Heated Seats, Bluetooth"
55,"Backup Camera, Heated Seats, Bluetooth, GPS"
56,"Backup Camera, Heated Seats, Bluetooth, Leather Seats"
57,"Backup Camera, Heated Seats, Bluetooth, Remote Start"
58,"Backup Camera, Heated Seats, Bluetooth, Sunroof"
59,"Backup Camera, Heated Seats, GPS"
60,"Backup Camera, Heated Seats, GPS, Bluetooth"
61,"Backup Camera, Heated Seats, GPS, Leather Seats"
62,"Backup Camera, Heated Seats, GPS, Remote Start"
63,"Backup Camera, Heated Seats, GPS, Sunroof"
64,"Backup Camera, Heated Seats, Leather Seats"
65,"Backup Camera, Heated Seats, Leather Seats, Bluetooth"
66,"Backup Camera, Heated Seats, Leather Seats, GPS"
67,"Backup Camera, Heated Seats, Leather Seats, Remote Start"
68,"Backup Camera, Heated Seats, Leather Seats, Sunroof"
69,"Backup Camera, Heated Seats, Remote Start"
70,"Backup Camera, Heated Seats, Remote Start, Bluetooth"
71,"Backup Camera, Heated Seats, Remote Start, GPS"
72,"Backup Camera, Heated Seats, Remote Start, Leather Seats"
73,"Backup Camera, Heated Seats, Remote Start, Sunroof"
74,"Backup Camera, Heated Seats, Sunroof"
75,"Backup Camera, Heated Seats, Sunroof, Bluetooth"
76,"Backup Camera, Heated Seats, Sunroof, GPS"
77,"Backup Camera, Heated Seats, Sunroof, Leather Seats"
78,"Backup Camera, Heated Seats, Sunroof, Remote Start"
79,"Backup Camera, Leather Seats"
80,"Backup Camera, Leather Seats, Bluetooth"
81,"Backup Camera, Leather Seats, Bluetooth, GPS"
82,"Backup Camera, Leather Seats, Bluetooth, Heated Seats"
83,"Backup Camera, Leather Seats, Bluetooth, Remote Start"
84,"Backup Camera, Leather Seats, Bluetooth, Sunroof"
85,"Backup Camera, Leather Seats, GPS"
86,"Backup Camera, Leather Seats, GPS, Bluetooth"
87,"Backup Camera, Leather Seats, GPS, Heated Seats"
88,"Backup Camera, Leather Seats, GPS, Remote Start"
89,"Backup Camera, Leather Seats, GPS, Sunroof"
90,"Backup Camera, Leather Seats, Heated Seats"
91,"Backup Camera, Leather Seats, Heated Seats, Bluetooth"
92,"Backup Camera, Leather Seats, Heated Seats, GPS"
93,"Backup Camera, Leather Seats, Heated Seats, Remote Start"
94,"Backup Camera, Leather Seats, Heated Seats, Sunroof"
95,"Backup Camera, Leather Seats, Remote Start"
96,"Backup Camera, Leather Seats, Remote Start, Bluetooth"
97,"Backup Camera, Leather Seats, Remote Start, GPS"
98,"Backup Camera, Leather Seats, Remote Start, Heated Seats"
99,"Backup Camera, Leather Seats, Remote Start, Sunroof"
100,"Backup Camera, Leather Seats, Sunroof"
101,"Backup Camera, Leather Seats, Sunroof, Bluetooth"
102,"Backup Camera, Leather Seats, Sunroof, GPS"
103,"Backup Camera, Leather Seats, Sunroof, Heated Seats"
104,"Backup Camera, Leather Seats, Sunroof, Remote Start"
105,"Backup Camera, Remote Start"
106,"Backup Camera, Remote Start, Bluetooth"
107,"Backup Camera, Remote Start, Bluetooth, GPS"
108,"Backup Camera, Remote Start, Bluetooth, Heated Seats"
109,"Backup Camera, Remote Start, Bluetooth, Leather Seats"
110,"Backup Camera, Remote Start, Bluetooth, Sunroof"
111,"Backup Camera, Remote Start, GPS"
112,"Backup Camera, Remote Start, GPS, Bluetooth"
113,"Backup Camera, Remote Start, GPS, Heated Seats"
114,"Backup Camera, Remote Start, GPS, Leather Seats"
115,"Backup Camera, Remote Start, GPS, Sunroof"
116,"Backup Camera, Remote Start, Heated Seats"
117,"Backup Camera, Remote Start, Heated Seats, Bluetooth"
118,"Backup Camera, Remote Start, Heated Seats, GPS"
119,"Backup Camera, Remote Start, Heated Seats, Leather Seats"
120,"Backup Camera, Remote Start, Heated Seats, Sunroof"
121,"Backup Camera, Remote Start, Leather Seats"
122,"Backup Camera, Remote Start, Leather Seats, Bluetooth"
123,"Backup Camera, Remote Start, Leather Seats, GPS"
124,"Backup Camera, Remote Start, Leather Seats, Heated Seats"
125,"Backup Camera, Remote Start, Leather Seats, Sunroof"
126,"Backup Camera, Remote Start, Sunroof"
127,"Backup Camera, Remote Start, Sunroof, Bluetooth"
128,"Backup Camera, Remote Start, Sunroof, GPS"
129,"Backup Camera, Remote Start, Sunroof, Heated Seats"
130,"Backup Camera, Remote Start, Sunroof, Leather Seats"
131,"Backup Camera, Sunroof"
132,"Backup Camera, Sunroof, Bluetooth"
133,"Backup Camera, Sunroof, Bluetooth, GPS"
134,"Backup Camera, Sunroof, Bluetooth, Heated Seats"
135,"Backup Camera, Sunroof, Bluetooth, Leather Seats"
136,"Backup Camera, Sunroof, Bluetooth, Remote Start"
137,"Backup Camera, Sunroof, GPS"
138,"Backup Camera, Sunroof, GPS, Bluetooth"
139,"Backup Camera, Sunroof, GPS, Heated Seats"
140,"Backup Camera, Sunroof, GPS, Leather Seats"
141,"Backup Camera, Sunroof, GPS, Remote Start"
142,"Backup Camera, Sunroof, Heated Seats"
143,"Backup Camera, Sunroof, Heated Seats, Bluetooth"
144,"Backup Camera, Sunroof, Heated Seats, GPS"
145,"Backup Camera, Sunroof, Heated Seats, Leather Seats"
146,"Backup Camera, Sunroof, Heated Seats, Remote Start"
147,"Backup Camera, Sunroof, Leather Seats"
148,"Backup Camera, Sunroof, Leather Seats, Bluetooth"
149,"Backup Camera, Sunroof, Leather Seats, GPS"
150,"Backup Camera, Sunroof, Leather Seats, Heated Seats"
151,"Backup Camera, Sunroof, Leather Seats, Remote Start"
152,"Backup Camera, Sunroof, Remote Start"
153,"Backup Camera, Sunroof, Remote Start, Bluetooth"
154,"Backup Camera, Sunroof, Remote Start, GPS"
155,"Backup Camera, Sunroof, Remote Start, Heated Seats"
156,"Backup Camera, Sunroof, Remote Start, Leather Seats"
157,Bluetooth
158,"Bluetooth, Backup Camera"
159,"Bluetooth, Backup Camera, GPS"
160,"Bluetooth, Backup Camera, GPS, Heated Seats"
161,"Bluetooth, Backup Camera, GPS, Leather Seats"
162,"Bluetooth, Backup Camera, GPS, Remote Start"
163,"Bluetooth, Backup Camera, GPS, Sunroof"
164,"Bluetooth, Backup Camera, Heated Seats"
165,"Bluetooth, Backup Camera, Heated Seats, GPS"
166,"Bluetooth, Backup Camera, Heated Seats, Leather Seats"
167,"Bluetooth, Backup Camera, Heated Seats, Remote Start"
168,"Bluetooth, Backup Camera, Heated Seats, Sunroof"
169,"Bluetooth, Backup Camera, Leather Seats"
170,"Bluetooth, Backup Camera, Leather Seats, GPS"
171,"Bluetooth, Backup Camera, Leather Seats, Heated Seats"
172,"Bluetooth, Backup Camera, Leather Seats, Remote Start"
173,"Bluetooth, Backup Camera, Leather Seats, Sunroof"
174,"Bluetooth, Backup Camera, Remote Start"
175,"Bluetooth, Backup Camera, Remote Start, GPS"
176,"Bluetooth, Backup Camera, Remote Start, Heated Seats"
177,"Bluetooth, Backup Camera, Remote Start, Leather Seats"
178,"Bluetooth, Backup Camera, Remote Start, Sunroof"
179,"Bluetooth, Backup Camera, Sunroof"
180,"Bluetooth, Backup Camera, Sunroof, GPS"
181,"Bluetooth, Backup Camera, Sunroof, Heated Seats"
182,"Bluetooth, Backup Camera, Sunroof, Leather Seats"
183,"Bluetooth, Backup Camera, Sunroof, Remote Start"
184,"Bluetooth, GPS"
185,"Bluetooth, GPS, Backup Camera"
186,"Bluetooth, GPS, Backup Camera, Heated Seats"
187,"Bluetooth, GPS, Backup Camera, Leather Seats"
188,"Bluetooth, GPS, Backup Camera, Remote Start"
189,"Bluetooth, GPS, Backup Camera, Sunroof"
190,"Bluetooth, GPS, Heated Seats"
191,"Bluetooth, GPS, Heated Seats, Backup Camera"
192,"Bluetooth, GPS, Heated Seats, Leather Seats"
193,"Bluetooth, GPS, Heated Seats, Remote Start"
194,"Bluetooth, GPS, Heated Seats, Sunroof"
195,"Bluetooth, GPS, Leather Seats"
196,"Bluetooth, GPS, Leather Seats, Backup Camera"
197,"Bluetooth, GPS, Leather Seats, Heated Seats"
198,"Bluetooth, GPS, Leather Seats, Remote Start"
199,"Bluetooth, GPS, Leather Seats, Sunroof"
200,"Bluetooth, GPS, Remote Start"
201,"Bluetooth, GPS, Remote Start, Backup Camera"
202,"Bluetooth, GPS, Remote Start, Heated Seats"
203,"Bluetooth, GPS, Remote Start, Leather Seats"
204,"Bluetooth, GPS, Remote Start, Sunroof"
205,"Bluetooth, GPS, Sunroof"
206,"Bluetooth, GPS, Sunroof, Backup Camera"
207,"Bluetooth, GPS, Sunroof, Heated Seats"
208,"Bluetooth, GPS, Sunroof, Leather Seats"
209,"Bluetooth, GPS, Sunroof, Remote Start"
210,"Bluetooth, Heated Seats"
211,"Bluetooth, Heated Seats, Backup Camera"
212,"Bluetooth, Heated Seats, Backup Camera, GPS"
213,"Bluetooth, Heated Seats, Backup Camera, Leather Seats"
214,"Bluetooth, Heated Seats, Backup Camera, Remote Start"
215,"Bluetooth, Heated Seats, Backup Camera, Sunroof"
216,"Bluetooth, Heated Seats, GPS"
217,"Bluetooth, Heated Seats, GPS, Backup Camera"
218,"Bluetooth, Heated Seats, GPS, Leather Seats"
219,"Bluetooth, Heated Seats, GPS, Remote Start"
220,"Bluetooth, Heated Seats, GPS, Sunroof"
221,"Bluetooth, Heated Seats, Leather Seats"
222,"Bluetooth, Heated Seats, Leather Seats, Backup Camera"
223,"Bluetooth, Heated Seats, Leather Seats, GPS"
224,"Bluetooth, Heated Seats, Leather Seats, Remote Start"
225,"Bluetooth, Heated Seats, Leather Seats, Sunroof"
226,"Bluetooth, Heated Seats, Remote Start"
227,"Bluetooth, Heated Seats, Remote Start, Backup Camera"
228,"Bluetooth, Heated Seats, Remote Start, GPS"
229,"Bluetooth, Heated Seats, Remote Start, Leather Seats"
230,"Bluetooth, Heated Seats, Remote Start, Sunroof"
231,"Bluetooth, Heated Seats, Sunroof"
232,"Bluetooth, Heated Seats, Sunroof, Backup Camera"
233,"Bluetooth, Heated Seats, Sunroof, GPS"
234,"Bluetooth, Heated Seats, Sunroof, Leather Seats"
235,"Bluetooth, Heated Seats, Sunroof, Remote Start"
236,"Bluetooth, Leather Seats"
237,"Bluetooth, Leather Seats, Backup Camera"
238,"Bluetooth, Leather Seats, Backup Camera, GPS"
239,"Bluetooth, Leather Seats, Backup Camera, Heated Seats"
240,"Bluetooth, Leather Seats, Backup Camera, Remote Start"
241,"Bluetooth, Leather Seats, Backup Camera, Sunroof"
242,"Bluetooth, Leather Seats, GPS"
243,"Bluetooth, Leather Seats, GPS, Backup Camera"
244,"Bluetooth, Leather Seats, GPS, Heated Seats"
245,"Bluetooth, Leather Seats, GPS, Remote Start"
246,"Bluetooth, Leather Seats, GPS, Sunroof"
247,"Bluetooth, Leather Seats, Heated Seats"
248,"Bluetooth, Leather Seats, Heated Seats, Backup Camera"
249,"Bluetooth, Leather Seats, Heated Seats, GPS"
250,"Bluetooth, Leather Seats, Heated Seats, Remote Start"
251,"Bluetooth, Leather Seats, Heated Seats, Sunroof"
252,"Bluetooth, Leather Seats, Remote Start"
253,"Bluetooth, Leather Seats, Remote Start, Backup Camera"
254,"Bluetooth, Leather Seats, Remote Start, GPS"
255,"Bluetooth, Leather Seats, Remote Start, Heated Seats"
256,"Bluetooth, Leather Seats, Remote Start, Sunroof"
257,"Bluetooth, Leather Seats, Sunroof"
258,"Bluetooth, Leather Seats, Sunroof, Backup Camera"
259,"Bluetooth, Leather Seats, Sunroof, GPS"
260,"Bluetooth, Leather Seats, Sunroof, Heated Seats"
261,"Bluetooth, Leather Seats, Sunroof, Remote Start"
262,"Bluetooth, Remote Start"
263,"Bluetooth, Remote Start, Backup Camera"
264,"Bluetooth, Remote Start, Backup Camera, GPS"
265,"Bluetooth, Remote Start, Backup Camera, Heated Seats"
266,"Bluetooth, Remote Start, Backup Camera, Leather Seats"
267,"Bluetooth, Remote Start, Backup Camera, Sunroof"
268,"Bluetooth, Remote Start, GPS"
269,"Bluetooth, Remote Start, GPS, Backup Camera"
270,"Bluetooth, Remote Start, GPS, Heated Seats"
271,"Bluetooth, Remote Start, GPS, Leather Seats"
272,"Bluetooth, Remote Start, GPS, Sunroof"
273,"Bluetooth, Remote Start, Heated Seats"
274,"Bluetooth, Remote Start, Heated Seats, Backup Camera"
275,"Bluetooth, Remote Start, Heated Seats, GPS"
276,"Bluetooth, Remote Start, Heated Seats, Leather Seats"
277,"Bluetooth, Remote Start, Heated Seats, Sunroof"
278,"Bluetooth, Remote Start, Leather Seats"
279,"Bluetooth, Remote Start, Leather Seats, Backup Camera"
280,"Bluetooth, Remote Start, Leather Seats, GPS"
281,"Bluetooth, Remote Start, Leather Seats, Heated Seats"
282,"Bluetooth, Remote Start, Leather Seats, Sunroof"
283,"Bluetooth, Remote Start, Sunroof"
284,"Bluetooth, Remote Start, Sunroof, Backup Camera"
285,"Bluetooth, Remote Start, Sunroof, GPS"
286,"Bluetooth, Remote Start, Sunroof, Heated Seats"
287,"Bluetooth, Remote Start, Sunroof, Leather Seats"
288,"Bluetooth, Sunroof"
289,"Bluetooth, Sunroof, Backup Camera"
290,"Bluetooth, Sunroof, Backup Camera, GPS"
291,"Bluetooth, Sunroof, Backup Camera, Heated Seats"
292,"Bluetooth, Sunroof, Backup Camera, Leather Seats"
293,"Bluetooth, Sunroof, Backup Camera, Remote Start"
294,"Bluetooth, Sunroof, GPS"
295,"Bluetooth, Sunroof, GPS, Backup Camera"
296,"Bluetooth, Sunroof, GPS, Heated Seats"
297,"Bluetooth, Sunroof, GPS, Leather Seats"
298,"Bluetooth, Sunroof, GPS, Remote Start"
299,"Bluetooth, Sunroof, Heated Seats"
300,"Bluetooth, Sunroof, Heated Seats, Backup Camera"
301,"Bluetooth, Sunroof, Heated Seats, GPS"
302,"Bluetooth, Sunroof, Heated Seats, Leather Seats"
303,"Bluetooth, Sunroof, Heated Seats, Remote Start"
304,"Bluetooth, Sunroof, Leather Seats"
305,"Bluetooth, Sunroof, Leather Seats, Backup Camera"
306,"Bluetooth, Sunroof, Leather Seats, GPS"
307,"Bluetooth, Sunroof, Leather Seats, Heated Seats"
308,"Bluetooth, Sunroof, Leather Seats, Remote Start"
309,"Bluetooth, Sunroof, Remote Start"
310,"Bluetooth, Sunroof, Remote Start, Backup Camera"
311,"Bluetooth, Sunroof, Remote Start, GPS"
312,"Bluetooth, Sunroof, Remote Start, Heated Seats"
313,"Bluetooth, Sunroof, Remote Start, Leather Seats"
314,GPS
315,"GPS, Backup Camera"
316,"GPS, Backup Camera, Bluetooth"
317,"GPS, Backup Camera, Bluetooth, Heated Seats"
318,"GPS, Backup Camera, Bluetooth, Leather Seats"
319,"GPS, Backup Camera, Bluetooth, Remote Start"
320,"GPS, Backup Camera, Bluetooth, Sunroof"
321,"GPS, Backup Camera, Heated Seats"
322,"GPS, Backup Camera, Heated Seats, Bluetooth"
323,"GPS, Backup Camera, Heated Seats, Leather Seats"
324,"GPS, Backup Camera, Heated Seats, Remote Start"
325,"GPS, Backup Camera, Heated Seats, Sunroof"
326,"GPS, Backup Camera, Leather Seats"
327,"GPS, Backup Camera, Leather Seats, Bluetooth"
328,"GPS, Backup Camera, Leather Seats, Heated Seats"
329,"GPS, Backup Camera, Leather Seats, Remote Start"
330,"GPS, Backup Camera, Leather Seats, Sunroof"
331,"GPS, Backup Camera, Remote Start"
332,"GPS, Backup Camera, Remote Start, Bluetooth"
333,"GPS, Backup Camera, Remote Start, Heated Seats"
334,"GPS, Backup Camera, Remote Start, Leather Seats"
335,"GPS, Backup Camera, Remote Start, Sunroof"
336,"GPS, Backup Camera, Sunroof"
337,"GPS, Backup Camera, Sunroof, Bluetooth"
338,"GPS, Backup Camera, Sunroof, Heated Seats"
339,"GPS, Backup Camera, Sunroof, Leather Seats"
340,"GPS, Backup Camera, Sunroof, Remote Start"
341,"GPS, Bluetooth"
342,"GPS, Bluetooth, Backup Camera"
343,"GPS, Bluetooth, Backup Camera, Heated Seats"
344,"GPS, Bluetooth, Backup Camera, Leather Seats"
345,"GPS, Bluetooth, Backup Camera, Remote Start"
346,"GPS, Bluetooth, Backup Camera, Sunroof"
347,"GPS, Bluetooth, Heated Seats"
348,"GPS, Bluetooth, Heated Seats, Backup Camera"
349,"GPS, Bluetooth, Heated Seats, Leather Seats"
350,"GPS, Bluetooth, Heated Seats, Remote Start"
351,"GPS, Bluetooth, Heated Seats, Sunroof"
352,"GPS, Bluetooth, Leather Seats"
353,"GPS, Bluetooth, Leather Seats, Backup Camera"
354,"GPS, Bluetooth, Leather Seats, Heated Seats"
355,"GPS, Bluetooth, Leather Seats, Remote Start"
356,"GPS, Bluetooth, Leather Seats, Sunroof"
357,"GPS, Bluetooth, Remote Start"
358,"GPS, Bluetooth, Remote Start, Backup Camera"
359,"GPS, Bluetooth, Remote Start, Heated Seats"
360,"GPS, Bluetooth, Remote Start, Leather Seats"
361,"GPS, Bluetooth, Remote Start, Sunroof"
362,"GPS, Bluetooth, Sunroof"
363,"GPS, Bluetooth, Sunroof, Backup Camera"
364,"GPS, Bluetooth, Sunroof, Heated Seats"
365,"GPS, Bluetooth, Sunroof, Leather Seats"
366,"GPS, Bluetooth, Sunroof, Remote Start"
367,"GPS, Heated Seats"
368,"GPS, Heated Seats, Backup Camera"
369,"GPS, Heated Seats, Backup Camera, Bluetooth"
370,"GPS, Heated Seats, Backup Camera, Leather Seats"
371,"GPS, Heated Seats, Backup Camera, Remote Start"
372,"GPS, Heated Seats, Backup Camera, Sunroof"
373,"GPS, Heated Seats, Bluetooth"
374,"GPS, Heated Seats, Bluetooth, Backup Camera"
375,"GPS, Heated Seats, Bluetooth, Leather Seats"
376,"GPS, Heated Seats, Bluetooth, Remote Start"
377,"GPS, Heated Seats, Bluetooth, Sunroof"
378,"GPS, Heated Seats, Leather Seats"
379,"GPS, Heated Seats, Leather Seats, Backup Camera"
380,"GPS, Heated Seats, Leather Seats, Bluetooth"
381,"GPS, Heated Seats, Leather Seats, Remote Start"
382,"GPS, Heated Seats, Leather Seats, Sunroof"
383,"GPS, Heated Seats, Remote Start"
384,"GPS, Heated Seats, Remote Start, Backup Camera"
385,"GPS, Heated Seats, Remote Start, Bluetooth"
386,"GPS, Heated Seats, Remote Start, Leather Seats"
387,"GPS, Heated Seats, Remote Start, Sunroof"
388,"GPS, Heated Seats, Sunroof"
389,"GPS, Heated Seats, Sunroof, Backup Camera"
390,"GPS, Heated Seats, Sunroof, Bluetooth"
391,"GPS, Heated Seats, Sunroof, Leather Seats"
392,"GPS, Heated Seats, Sunroof, Remote Start"
393,"GPS, Leather Seats"
394,"GPS, Leather Seats, Backup Camera"
395,"GPS, Leather Seats, Backup Camera, Bluetooth"
396,"GPS, Leather Seats, Backup Camera, Heated Seats"
397,"GPS, Leather Seats, Backup Camera, Remote Start"
398,"GPS, Leather Seats, Backup Camera, Sunroof"
399,"GPS, Leather Seats, Bluetooth"
400,"GPS, Leather Seats, Bluetooth, Backup Camera"
401,"GPS, Leather Seats, Bluetooth, Heated Seats"
402,"GPS, Leather Seats, Bluetooth, Remote Start"
403,"GPS, Leather Seats, Bluetooth, Sunroof"
404,"GPS, Leather Seats, Heated Seats"
405,"GPS, Leather Seats, Heated Seats, Backup Camera"
406,"GPS, Leather Seats, Heated Seats, Bluetooth"
407,"GPS, Leather Seats, Heated Seats, Remote Start"
408,"GPS, Leather Seats, Heated Seats, Sunroof"
409,"GPS, Leather Seats, Remote Start"
410,"GPS, Leather Seats, Remote Start, Backup Camera"
411,"GPS, Leather Seats, Remote Start, Bluetooth"
412,"GPS, Leather Seats, Remote Start, Heated Seats"
413,"GPS, Leather Seats, Remote Start, Sunroof"
414,"GPS, Leather Seats, Sunroof"
415,"GPS, Leather Seats, Sunroof, Backup Camera"
416,"GPS, Leather Seats, Sunroof, Bluetooth"
417,"GPS, Leather Seats, Sunroof, Heated Seats"
418,"GPS, Leather Seats, Sunroof, Remote Start"
419,"GPS, Remote Start"
420,"GPS, Remote Start, Backup Camera"
421,"GPS, Remote Start, Backup Camera, Bluetooth"
422,"GPS, Remote Start, Backup Camera, Heated Seats"
423,"GPS, Remote Start, Backup Camera, Leather Seats"
424,"GPS, Remote Start, Backup Camera, Sunroof"
425,"GPS, Remote Start, Bluetooth"
426,"GPS, Remote Start, Bluetooth, Backup Camera"
427,"GPS, Remote Start, Bluetooth, Heated Seats"
428,"GPS, Remote Start, Bluetooth, Leather Seats"
429,"GPS, Remote Start, Bluetooth, Sunroof"
430,"GPS, Remote Start, Heated Seats"
431,"GPS, Remote Start, Heated Seats, Backup Camera"
432,"GPS, Remote Start, Heated Seats, Bluetooth"
433,"GPS, Remote Start, Heated Seats, Leather Seats"
434,"GPS, Remote Start, Heated Seats, Sunroof"
435,"GPS, Remote Start, Leather Seats"
436,"GPS, Remote Start, Leather Seats, Backup Camera"
437,"GPS, Remote Start, Leather Seats, Bluetooth"
438,"GPS, Remote Start, Leather Seats, Heated Seats"
439,"GPS, Remote Start, Leather Seats, Sunroof"
440,"GPS, Remote Start, Sunroof"
441,"GPS, Remote Start, Sunroof, Backup Camera"
442,"GPS, Remote Start, Sunroof, Bluetooth"
443,"GPS, Remote Start, Sunroof, Heated Seats"
444,"GPS, Remote Start, Sunroof, Leather Seats"
445,"GPS, Sunroof"
446,"GPS, Sunroof, Backup Camera"
447,"GPS, Sunroof, Backup Camera, Bluetooth"
448,"GPS, Sunroof, Backup Camera, Heated Seats"
449,"GPS, Sunroof, Backup Camera, Leather Seats"
450,"GPS, Sunroof, Backup Camera, Remote Start"
451,"GPS, Sunroof, Bluetooth"
452,"GPS, Sunroof, Bluetooth, Backup Camera"
453,"GPS, Sunroof, Bluetooth, Heated Seats"
454,"GPS, Sunroof, Bluetooth, Leather Seats"
455,"GPS, Sunroof, Bluetooth, Remote Start"
456,"GPS, Sunroof, Heated Seats"
457,"GPS, Sunroof, Heated Seats, Backup Camera"
458,"GPS, Sunroof, Heated Seats, Bluetooth"
459,"GPS, Sunroof, Heated Seats, Leather Seats"
460,"GPS, Sunroof, Heated Seats, Remote Start"
461,"GPS, Sunroof, Leather Seats"
462,"GPS, Sunroof, Leather Seats, Backup Camera"
463,"GPS, Sunroof, Leather Seats, Bluetooth"
464,"GPS, Sunroof, Leather Seats, Heated Seats"
465,"GPS, Sunroof, Leather Seats, Remote Start"
466,"GPS, Sunroof, Remote Start"
467,"GPS, Sunroof, Remote Start, Backup Camera"
468,"GPS, Sunroof, Remote Start, Bluetooth"
469,"GPS, Sunroof, Remote Start, Heated Seats"
470,"GPS, Sunroof, Remote Start, Leather Seats"
471,Heated Seats
472,"Heated Seats, Backup Camera"
473,"Heated Seats, Backup Camera, Bluetooth"
474,"Heated Seats, Backup Camera, Bluetooth, GPS"
475,"Heated Seats, Backup Camera, Bluetooth, Leather Seats"
476,"Heated Seats, Backup Camera, Bluetooth, Remote Start"
477,"Heated Seats, Backup Camera, Bluetooth, Sunroof"
478,"Heated Seats, Backup Camera, GPS"
479,"Heated Seats, Backup Camera, GPS, Bluetooth"
480,"Heated Seats, Backup Camera, GPS, Leather Seats"
481,"Heated Seats, Backup Camera, GPS, Remote Start"
482,"Heated Seats, Backup Camera, GPS, Sunroof"
483,"Heated Seats, Backup Camera, Leather Seats"
484,"Heated Seats, Backup Camera, Leather Seats, Bluetooth"
485,"Heated Seats, Backup Camera, Leather Seats, GPS"
486,"Heated Seats, Backup Camera, Leather Seats, Remote Start"
487,"Heated Seats, Backup Camera, Leather Seats, Sunroof"
488,"Heated Seats, Backup Camera, Remote Start"
489,"Heated Seats, Backup Camera, Remote Start, Bluetooth"
490,"Heated Seats, Backup Camera, Remote Start, GPS"
491,"Heated Seats, Backup Camera, Remote Start, Leather Seats"
492,"Heated Seats, Backup Camera, Remote Start, Sunroof"
493,"Heated Seats, Backup Camera, Sunroof"
494,"Heated Seats, Backup Camera, Sunroof, Bluetooth"
495,"Heated Seats, Backup Camera, Sunroof, GPS"
496,"Heated Seats, Backup Camera, Sunroof, Leather Seats"
497,"Heated Seats, Backup Camera, Sunroof, Remote Start"
498,"Heated Seats, Bluetooth"
499,"Heated Seats, Bluetooth, Backup Camera"
500,"Heated Seats, Bluetooth, Backup Camera, GPS"
501,"Heated Seats, Bluetooth, Backup Camera, Leather Seats"
502,"Heated Seats, Bluetooth, Backup Camera, Remote Start"
503,"Heated Seats, Bluetooth, Backup Camera, Sunroof"
504,"Heated Seats, Bluetooth, GPS"
505,"Heated Seats, Bluetooth, GPS, Backup Camera"
506,"Heated Seats, Bluetooth, GPS, Leather Seats"
507,"Heated Seats, Bluetooth, GPS, Remote Start"
508,"Heated Seats, Bluetooth, GPS, Sunroof"
509,"Heated Seats, Bluetooth, Leather Seats"
510,"Heated Seats, Bluetooth, Leather Seats, Backup Camera"
511,"Heated Seats, Bluetooth, Leather Seats, GPS"
512,"Heated Seats, Bluetooth, Leather Seats, Remote Start"
513,"Heated Seats, Bluetooth, Leather Seats, Sunroof"
514,"Heated Seats, Bluetooth, Remote Start"
515,"Heated Seats, Bluetooth, Remote Start, Backup Camera"
516,"Heated Seats, Bluetooth, Remote Start, GPS"
517,"Heated Seats, Bluetooth, Remote Start, Leather Seats"
518,"Heated Seats, Bluetooth, Remote Start, Sunroof"
519,"Heated Seats, Bluetooth, Sunroof"
520,"Heated Seats, Bluetooth, Sunroof, Backup Camera"
521,"Heated Seats, Bluetooth, Sunroof, GPS"
522,"Heated Seats, Bluetooth, Sunroof, Leather Seats"
523,"Heated Seats, Bluetooth, Sunroof, Remote Start"
524,"Heated Seats, GPS"
525,"Heated Seats, GPS, Backup Camera"
526,"Heated Seats, GPS, Backup Camera, Bluetooth"
527,"Heated Seats, GPS, Backup Camera, Leather Seats"
528,"Heated Seats, GPS, Backup Camera, Remote Start"
529,"Heated Seats, GPS, Backup Camera, Sunroof"
530,"Heated Seats, GPS, Bluetooth"
531,"Heated Seats, GPS, Bluetooth, Backup Camera"
532,"Heated Seats, GPS, Bluetooth, Leather Seats"
533,"Heated Seats, GPS, Bluetooth, Remote Start"
534,"Heated Seats, GPS, Bluetooth, Sunroof"
535,"Heated Seats, GPS, Leather Seats"
536,"Heated Seats, GPS, Leather Seats, Backup Camera"
537,"Heated Seats, GPS, Leather Seats, Bluetooth"
538,"Heated Seats, GPS, Leather Seats, Remote Start"
539,"Heated Seats, GPS, Leather Seats, Sunroof"
540,"Heated Seats, GPS, Remote Start"
541,"Heated Seats, GPS, Remote Start, Backup Camera"
542,"Heated Seats, GPS, Remote Start, Bluetooth"
543,"Heated Seats, GPS, Remote Start, Leather Seats"
544,"Heated Seats, GPS, Remote Start, Sunroof"
545,"Heated Seats, GPS, Sunroof"
546,"Heated Seats, GPS, Sunroof, Backup Camera"
547,"Heated Seats, GPS, Sunroof, Bluetooth"
548,"Heated Seats, GPS, Sunroof, Leather Seats"
549,"Heated Seats, GPS, Sunroof, Remote Start"
550,"Heated Seats, Leather Seats"
551,"Heated Seats, Leather Seats, Backup Camera"
552,"Heated Seats, Leather Seats, Backup Camera, Bluetooth"
553,"Heated Seats, Leather Seats, Backup Camera, GPS"
554,"Heated Seats, Leather Seats, Backup Camera, Remote Start"
555,"Heated Seats, Leather Seats, Backup Camera, Sunroof"
556,"Heated Seats, Leather Seats, Bluetooth"
557,"Heated Seats, Leather Seats, Bluetooth, Backup Camera"
558,"Heated Seats, Leather Seats, Bluetooth, GPS"
559,"Heated Seats, Leather Seats, Bluetooth, Remote Start"
560,"Heated Seats, Leather Seats, Bluetooth, Sunroof"
561,"Heated Seats, Leather Seats, GPS"
562,"Heated Seats, Leather Seats, GPS, Backup Camera"
563,"Heated Seats, Leather Seats, GPS, Bluetooth"
564,"Heated Seats, Leather Seats, GPS, Remote Start"
565,"Heated Seats, Leather Seats, GPS, Sunroof"
566,"Heated Seats, Leather Seats, Remote Start"
567,"Heated Seats, Leather Seats, Remote Start, Backup Camera"
568,"Heated Seats, Leather Seats, Remote Start, Bluetooth"
569,"Heated Seats, Leather Seats, Remote Start, GPS"
570,"Heated Seats, Leather Seats, Remote Start, Sunroof"
571,"Heated Seats, Leather Seats, Sunroof"
572,"Heated Seats, Leather Seats, Sunroof, Backup Camera"
573,"Heated Seats, Leather Seats, Sunroof, Bluetooth"
574,"Heated Seats, Leather Seats, Sunroof, GPS"
575,"Heated Seats, Leather Seats, Sunroof, Remote Start"
576,"Heated Seats, Remote Start"
577,"Heated Seats, Remote Start, Backup Camera"
578,"Heated Seats, Remote Start, Backup Camera, Bluetooth"
579,"Heated Seats, Remote Start, Backup Camera, GPS"
580,"Heated Seats, Remote Start, Backup Camera, Leather Seats"
581,"Heated Seats, Remote Start, Backup Camera, Sunroof"
582,"Heated Seats, Remote Start, Bluetooth"
583,"Heated Seats, Remote Start, Bluetooth, Backup Camera"
584,"Heated Seats, Remote Start, Bluetooth, GPS"
585,"Heated Seats, Remote Start, Bluetooth, Leather Seats"
586,"Heated Seats, Remote Start, Bluetooth, Sunroof"
587,"Heated Seats, Remote Start, GPS"
588,"Heated Seats, Remote Start, GPS, Backup Camera"
589,"Heated Seats, Remote Start, GPS, Bluetooth"
590,"Heated Seats, Remote Start, GPS, Leather Seats"
591,"Heated Seats, Remote Start, GPS, Sunroof"
592,"Heated Seats, Remote Start, Leather Seats"
593,"Heated Seats, Remote Start, Leather Seats, Backup Camera"
594,"Heated Seats, Remote Start, Leather Seats, Bluetooth"
595,"Heated Seats, Remote Start, Leather Seats, GPS"
596,"Heated Seats, Remote Start, Leather Seats, Sunroof"
597,"Heated Seats, Remote Start, Sunroof"
598,"Heated Seats, Remote Start, Sunroof, Backup Camera"
599,"Heated Seats, Remote Start, Sunroof, Bluetooth"
600,"Heated Seats, Remote Start, Sunroof, GPS"
601,"Heated Seats, Remote Start, Sunroof, Leather Seats"
602,"Heated Seats, Sunroof"
603,"Heated Seats, Sunroof, Backup Camera"
604,"Heated Seats, Sunroof, Backup Camera, Bluetooth"
605,"Heated Seats, Sunroof, Backup Camera, GPS"
606,"Heated Seats, Sunroof, Backup Camera, Leather Seats"
607,"Heated Seats, Sunroof, Backup Camera, Remote Start"
608,"Heated Seats, Sunroof, Bluetooth"
609,"Heated Seats, Sunroof, Bluetooth, Backup Camera"
610,"Heated Seats, Sunroof, Bluetooth, GPS"
611,"Heated Seats, Sunroof, Bluetooth, Leather Seats"
612,"Heated Seats, Sunroof, Bluetooth, Remote Start"
613,"Heated Seats, Sunroof, GPS"
614,"Heated Seats, Sunroof, GPS, Backup Camera"
615,"Heated Seats, Sunroof, GPS, Bluetooth"
616,"Heated Seats, Sunroof, GPS, Leather Seats"
617,"Heated Seats, Sunroof, GPS, Remote Start"
618,"Heated Seats, Sunroof, Leather Seats"
619,"Heated Seats, Sunroof, Leather Seats, Backup Camera"
620,"Heated Seats, Sunroof, Leather Seats, Bluetooth"
621,"Heated Seats, Sunroof, Leather Seats, GPS"
622,"Heated Seats, Sunroof, Leather Seats, Remote Start"
623,"Heated Seats, Sunroof, Remote Start"
624,"Heated Seats, Sunroof, Remote Start, Backup Camera"
625,"Heated Seats, Sunroof, Remote Start, Bluetooth"
626,"Heated Seats, Sunroof, Remote Start, GPS"
627,"Heated Seats, Sunroof, Remote Start, Leather Seats"
628,Leather Seats
629,"Leather Seats, Backup Camera"
630,"Leather Seats, Backup Camera, Bluetooth"
631,"Leather Seats, Backup Camera, Bluetooth, GPS"
632,"Leather Seats, Backup Camera, Bluetooth, Heated Seats"
633,"Leather Seats, Backup Camera, Bluetooth, Remote Start"
634,"Leather Seats, Backup Camera, Bluetooth, Sunroof"
635,"Leather Seats, Backup Camera, GPS"
636,"Leather Seats, Backup Camera, GPS, Bluetooth"
637,"Leather Seats, Backup Camera, GPS, Heated Seats"
638,"Leather Seats, Backup Camera, GPS, Remote Start"
639,"Leather Seats, Backup Camera, GPS, Sunroof"
640,"Leather Seats, Backup Camera, Heated Seats"
641,"Leather Seats, Backup Camera, Heated Seats, Bluetooth"
642,"Leather Seats, Backup Camera, Heated Seats, GPS"
643,"Leather Seats, Backup Camera, Heated Seats, Remote Start"
644,"Leather Seats, Backup Camera, Heated Seats, Sunroof"
645,"Leather Seats, Backup Camera, Remote Start"
646,"Leather Seats, Backup Camera, Remote Start, Bluetooth"
647,"Leather Seats, Backup Camera, Remote Start, GPS"
648,"Leather Seats, Backup Camera, Remote Start, Heated Seats"
649,"Leather Seats, Backup Camera, Remote Start, Sunroof"
650,"Leather Seats, Backup Camera, Sunroof"
651,"Leather Seats, Backup Camera, Sunroof, Bluetooth"
652,"Leather Seats, Backup Camera, Sunroof, GPS"
653,"Leather Seats, Backup Camera, Sunroof, Heated Seats"
654,"Leather Seats, Backup Camera, Sunroof, Remote Start"
655,"Leather Seats, Bluetooth"
656,"Leather Seats, Bluetooth, Backup Camera"
657,"Leather Seats, Bluetooth, Backup Camera, GPS"
658,"Leather Seats, Bluetooth, Backup Camera, Heated Seats"
659,"Leather Seats, Bluetooth, Backup Camera, Remote Start"
660,"Leather Seats, Bluetooth, Backup Camera, Sunroof"
661,"Leather Seats, Bluetooth, GPS"
662,"Leather Seats, Bluetooth, GPS, Backup Camera"
663,"Leather Seats, Bluetooth, GPS, Heated Seats"
664,"Leather Seats, Bluetooth, GPS, Remote Start"
665,"Leather Seats, Bluetooth, GPS, Sunroof"
666,"Leather Seats, Bluetooth, Heated Seats"
667,"Leather Seats, Bluetooth, Heated Seats, Backup Camera"
668,"Leather Seats, Bluetooth, Heated Seats, GPS"
669,"Leather Seats, Bluetooth, Heated Seats, Remote Start"
670,"Leather Seats, Bluetooth, Heated Seats, Sunroof"
671,"Leather Seats, Bluetooth, Remote Start"
672,"Leather Seats, Bluetooth, Remote Start, Backup Camera"
673,"Leather Seats, Bluetooth, Remote Start, GPS"
674,"Leather Seats, Bluetooth, Remote Start, Heated Seats"
675,"Leather Seats, Bluetooth, Remote Start, Sunroof"
676,"Leather Seats, Bluetooth, Sunroof"
677,"Leather Seats, Bluetooth, Sunroof, Backup Camera"
678,"Leather Seats, Bluetooth, Sunroof, GPS"
679,"Leather Seats, Bluetooth, Sunroof, Heated Seats"
680,"Leather Seats, Bluetooth, Sunroof, Remote Start"
681,"Leather Seats, GPS"
682,"Leather Seats, GPS, Backup Camera"
683,"Leather Seats, GPS, Backup Camera, Bluetooth"
684,"Leather Seats, GPS, Backup Camera, Heated Seats"
685,"Leather Seats, GPS, Backup Camera, Remote Start"
686,"Leather Seats, GPS, Backup Camera, Sunroof"
687,"Leather Seats, GPS, Bluetooth"
688,"Leather Seats, GPS, Bluetooth, Backup Camera"
689,"Leather Seats, GPS, Bluetooth, Heated Seats"
690,"Leather Seats, GPS, Bluetooth, Remote Start"
691,"Leather Seats, GPS, Bluetooth, Sunroof"
692,"Leather Seats, GPS, Heated Seats"
693,"Leather Seats, GPS, Heated Seats, Backup Camera"
694,"Leather Seats, GPS, Heated Seats, Bluetooth"
695,"Leather Seats, GPS, Heated Seats, Remote Start"
696,"Leather Seats, GPS, Heated Seats, Sunroof"
697,"Leather Seats, GPS, Remote Start"
698,"Leather Seats, GPS, Remote Start, Backup Camera"
699,"Leather Seats, GPS, Remote Start, Bluetooth"
700,"Leather Seats, GPS, Remote Start, Heated Seats"
701,"Leather Seats, GPS, Remote Start, Sunroof"
702,"Leather Seats, GPS, Sunroof"
703,"Leather Seats, GPS, Sunroof, Backup Camera"
704,"Leather Seats, GPS, Sunroof, Bluetooth"
705,"Leather Seats, GPS, Sunroof, Heated Seats"
706,"Leather Seats, GPS, Sunroof, Remote Start"
707,"Leather Seats, Heated Seats"
708,"Leather Seats, Heated Seats, Backup Camera"
709,"Leather Seats, Heated Seats, Backup Camera, Bluetooth"
710,"Leather Seats, Heated Seats, Backup Camera, GPS"
711,"Leather Seats, Heated Seats, Backup Camera, Remote Start"
712,"Leather Seats, Heated Seats, Backup Camera, Sunroof"
713,"Leather Seats, Heated Seats, Bluetooth"
714,"Leather Seats, Heated Seats, Bluetooth, Backup Camera"
715,"Leather Seats, Heated Seats, Bluetooth, GPS"
716,"Leather Seats, Heated Seats, Bluetooth, Remote Start"
717,"Leather Seats, Heated Seats, Bluetooth, Sunroof"
718,"Leather Seats, Heated Seats, GPS"
719,"Leather Seats, Heated Seats, GPS, Backup Camera"
720,"Leather Seats, Heated Seats, GPS, Bluetooth"
721,"Leather Seats, Heated Seats, GPS, Remote Start"
722,"Leather Seats, Heated Seats, GPS, Sunroof"
723,"Leather Seats, Heated Seats, Remote Start"
724,"Leather Seats, Heated Seats, Remote Start, Backup Camera"
725,"Leather Seats, Heated Seats, Remote Start, Bluetooth"
726,"Leather Seats, Heated Seats, Remote Start, GPS"
727,"Leather Seats, Heated Seats, Remote Start, Sunroof"
728,"Leather Seats, Heated Seats, Sunroof"
729,"Leather Seats, Heated Seats, Sunroof, Backup Camera"
730,"Leather Seats, Heated Seats, Sunroof, Bluetooth"
731,"Leather Seats, Heated Seats, Sunroof, GPS"
732,"Leather Seats, Heated Seats, Sunroof, Remote Start"
733,"Leather Seats, Remote Start"
734,"Leather Seats, Remote Start, Backup Camera"
735,"Leather Seats, Remote Start, Backup Camera, Bluetooth"
736,"Leather Seats, Remote Start, Backup Camera, GPS"
737,"Leather Seats, Remote Start, Backup Camera, Heated Seats"
738,"Leather Seats, Remote Start, Backup Camera, Sunroof"
739,"Leather Seats, Remote Start, Bluetooth"
740,"Leather Seats, Remote Start, Bluetooth, Backup Camera"
741,"Leather Seats, Remote Start, Bluetooth, GPS"
742,"Leather Seats, Remote Start, Bluetooth, Heated Seats"
743,"Leather Seats, Remote Start, Bluetooth, Sunroof"
744,"Leather Seats, Remote Start, GPS"
745,"Leather Seats, Remote Start, GPS, Backup Camera"
746,"Leather Seats, Remote Start, GPS, Bluetooth"
747,"Leather Seats, Remote Start, GPS, Heated Seats"
748,"Leather Seats, Remote Start, GPS, Sunroof"
749,"Leather Seats, Remote Start, Heated Seats"
750,"Leather Seats, Remote Start, Heated Seats, Backup Camera"
751,"Leather Seats, Remote Start, Heated Seats, Bluetooth"
752,"Leather Seats, Remote Start, Heated Seats, GPS"
753,"Leather Seats, Remote Start, Heated Seats, Sunroof"
754,"Leather Seats, Remote Start, Sunroof"
755,"Leather Seats, Remote Start, Sunroof, Backup Camera"
756,"Leather Seats, Remote Start, Sunroof, Bluetooth"
757,"Leather Seats, Remote Start, Sunroof, GPS"
758,"Leather Seats, Remote Start, Sunroof, Heated Seats"
759,"Leather Seats, Sunroof"
760,"Leather Seats, Sunroof, Backup Camera"
761,"Leather Seats, Sunroof, Backup Camera, Bluetooth"
762,"Leather Seats, Sunroof, Backup Camera, GPS"
763,"Leather Seats, Sunroof, Backup Camera, Heated Seats"
764,"Leather Seats, Sunroof, Backup Camera, Remote Start"
765,"Leather Seats, Sunroof, Bluetooth"
766,"Leather Seats, Sunroof, Bluetooth, Backup Camera"
767,"Leather Seats, Sunroof, Bluetooth, GPS"
768,"Leather Seats, Sunroof, Bluetooth, Heated Seats"
769,"Leather Seats, Sunroof, Bluetooth, Remote Start"
770,"Leather Seats, Sunroof, GPS"
771,"Leather Seats, Sunroof, GPS, Backup Camera"
772,"Leather Seats, Sunroof, GPS, Bluetooth"
773,"Leather Seats, Sunroof, GPS, Heated Seats"
774,"Leather Seats, Sunroof, GPS, Remote Start"
775,"Leather Seats, Sunroof, Heated Seats"
776,"Leather Seats, Sunroof, Heated Seats, Backup Camera"
777,"Leather Seats, Sunroof, Heated Seats, Bluetooth"
778,"Leather Seats, Sunroof, Heated Seats, GPS"
779,"Leather Seats, Sunroof, Heated Seats, Remote Start"
780,"Leather Seats, Sunroof, Remote Start"
781,"Leather Seats, Sunroof, Remote Start, Backup Camera"
782,"Leather Seats, Sunroof, Remote Start, Bluetooth"
783,"Leather Seats, Sunroof, Remote Start, GPS"
784,"Leather Seats, Sunroof, Remote Start, Heated Seats"
785,Navigation
786,Remote Start
787,"Remote Start, Backup Camera"
788,"Remote Start, Backup Camera, Bluetooth"
789,"Remote Start, Backup Camera, Bluetooth, GPS"
790,"Remote Start, Backup Camera, Bluetooth, Heated Seats"
791,"Remote Start, Backup Camera, Bluetooth, Leather Seats"
792,"Remote Start, Backup Camera, Bluetooth, Sunroof"
793,"Remote Start, Backup Camera, GPS"
794,"Remote Start, Backup Camera, GPS, Bluetooth"
795,"Remote Start, Backup Camera, GPS, Heated Seats"
796,"Remote Start, Backup Camera, GPS, Leather Seats"
797,"Remote Start, Backup Camera, GPS, Sunroof"
798,"Remote Start, Backup Camera, Heated Seats"
799,"Remote Start, Backup Camera, Heated Seats, Bluetooth"
800,"Remote Start, Backup Camera, Heated Seats, GPS"
801,"Remote Start, Backup Camera, Heated Seats, Leather Seats"
802,"Remote Start, Backup Camera, Heated Seats, Sunroof"
803,"Remote Start, Backup Camera, Leather Seats"
804,"Remote Start, Backup Camera, Leather Seats, Bluetooth"
805,"Remote Start, Backup Camera, Leather Seats, GPS"
806,"Remote Start, Backup Camera, Leather Seats, Heated Seats"
807,"Remote Start, Backup Camera, Leather Seats, Sunroof"
808,"Remote Start, Backup Camera, Sunroof"
809,"Remote Start, Backup Camera, Sunroof, Bluetooth"
810,"Remote Start, Backup Camera, Sunroof, GPS"
811,"Remote Start, Backup Camera, Sunroof, Heated Seats"
812,"Remote Start, Backup Camera, Sunroof, Leather Seats"
813,"Remote Start, Bluetooth"
814,"Remote Start, Bluetooth, Backup Camera"
815,"Remote Start, Bluetooth, Backup Camera, GPS"
816,"Remote Start, Bluetooth, Backup Camera, Heated Seats"
817,"Remote Start, Bluetooth, Backup Camera, Leather Seats"
818,"Remote Start, Bluetooth, Backup Camera, Sunroof"
819,"Remote Start, Bluetooth, GPS"
820,"Remote Start, Bluetooth, GPS, Backup Camera"
821,"Remote Start, Bluetooth, GPS, Heated Seats"
822,"Remote Start, Bluetooth, GPS, Leather Seats"
823,"Remote Start, Bluetooth, GPS, Sunroof"
824,"Remote Start, Bluetooth, Heated Seats"
825,"Remote Start, Bluetooth, Heated Seats, Backup Camera"
826,"Remote Start, Bluetooth, Heated Seats, GPS"
827,"Remote Start, Bluetooth, Heated Seats, Leather Seats"
828,"Remote Start, Bluetooth, Heated Seats, Sunroof"
829,"Remote Start, Bluetooth, Leather Seats"
830,"Remote Start, Bluetooth, Leather Seats, Backup Camera"
831,"Remote Start, Bluetooth, Leather Seats, GPS"
832,"Remote Start, Bluetooth, Leather Seats, Heated Seats"
833,"Remote Start, Bluetooth, Leather Seats, Sunroof"
834,"Remote Start, Bluetooth, Sunroof"
835,"Remote Start, Bluetooth, Sunroof, Backup Camera"
836,"Remote Start, Bluetooth, Sunroof, GPS"
837,"Remote Start, Bluetooth, Sunroof, Heated Seats"
838,"Remote Start, Bluetooth, Sunroof, Leather Seats"
839,"Remote Start, GPS"
840,"Remote Start, GPS, Backup Camera"
841,"Remote Start, GPS, Backup Camera, Bluetooth"
842,"Remote Start, GPS, Backup Camera, Heated Seats"
843,"Remote Start, GPS, Backup Camera, Leather Seats"
844,"Remote Start, GPS, Backup Camera, Sunroof"
845,"Remote Start, GPS, Bluetooth"
846,"Remote Start, GPS, Bluetooth, Backup Camera"
847,"Remote Start, GPS, Bluetooth, Heated Seats"
848,"Remote Start, GPS, Bluetooth, Leather Seats"
849,"Remote Start, GPS, Bluetooth, Sunroof"
850,"Remote Start, GPS, Heated Seats"
851,"Remote Start, GPS, Heated Seats, Backup Camera"
852,"Remote Start, GPS, Heated Seats, Bluetooth"
853,"Remote Start, GPS, Heated Seats, Leather Seats"
854,"Remote Start, GPS, Heated Seats, Sunroof"
855,"Remote Start, GPS, Leather Seats"
856,"Remote Start, GPS, Leather Seats, Backup Camera"
857,"Remote Start, GPS, Leather Seats, Bluetooth"
858,"Remote Start, GPS, Leather Seats, Heated Seats"
859,"Remote Start, GPS, Leather Seats, Sunroof"
860,"Remote Start, GPS, Sunroof"
861,"Remote Start, GPS, Sunroof, Backup Camera"
862,"Remote Start, GPS, Sunroof, Bluetooth"
863,"Remote Start, GPS, Sunroof, Heated Seats"
864,"Remote Start, GPS, Sunroof, Leather Seats"
865,"Remote Start, Heated Seats"
866,"Remote Start, Heated Seats, Backup Camera"
867,"Remote Start, Heated Seats, Backup Camera, Bluetooth"
868,"Remote Start, Heated Seats, Backup Camera, GPS"
869,"Remote Start, Heated Seats, Backup Camera, Leather Seats"
870,"Remote Start, Heated Seats, Backup Camera, Sunroof"
871,"Remote Start, Heated Seats, Bluetooth"
872,"Remote Start, Heated Seats, Bluetooth, Backup Camera"
873,"Remote Start, Heated Seats, Bluetooth, GPS"
874,"Remote Start, Heated Seats, Bluetooth, Leather Seats"
875,"Remote Start, Heated Seats, Bluetooth, Sunroof"
876,"Remote Start, Heated Seats, GPS"
877,"Remote Start, Heated Seats, GPS, Backup Camera"
878,"Remote Start, Heated Seats, GPS, Bluetooth"
879,"Remote Start, Heated Seats, GPS, Leather Seats"
880,"Remote Start, Heated Seats, GPS, Sunroof"
881,"Remote Start, Heated Seats, Leather Seats"
882,"Remote Start, Heated Seats, Leather Seats, Backup Camera"
883,"Remote Start, Heated Seats, Leather Seats, Bluetooth"
884,"Remote Start, Heated Seats, Leather Seats, GPS"
885,"Remote Start, Heated Seats, Leather Seats, Sunroof"
886,"Remote Start, Heated Seats, Sunroof"
887,"Remote Start, Heated Seats, Sunroof, Backup Camera"
888,"Remote Start, Heated Seats, Sunroof, Bluetooth"
889,"Remote Start, Heated Seats, Sunroof, GPS"
890,"Remote Start, Heated Seats, Sunroof, Leather Seats"
891,"Remote Start, Leather Seats"
892,"Remote Start, Leather Seats, Backup Camera"
893,"Remote Start, Leather Seats, Backup Camera, Bluetooth"
894,"Remote Start, Leather Seats, Backup Camera, GPS"
895,"Remote Start, Leather Seats, Backup Camera, Heated Seats"
896,"Remote Start, Leather Seats, Backup Camera, Sunroof"
897,"Remote Start, Leather Seats, Bluetooth"
898,"Remote Start, Leather Seats, Bluetooth, Backup Camera"
899,"Remote Start, Leather Seats, Bluetooth, GPS"
900,"Remote Start, Leather Seats, Bluetooth, Heated Seats"
901,"Remote Start, Leather Seats, Bluetooth, Sunroof"
902,"Remote Start, Leather Seats, GPS"
903,"Remote Start, Leather Seats, GPS, Backup Camera"
904,"Remote Start, Leather Seats, GPS, Bluetooth"
905,"Remote Start, Leather Seats, GPS, Heated Seats"
906,"Remote Start, Leather Seats, GPS, Sunroof"
907,"Remote Start, Leather Seats, Heated Seats"
908,"Remote Start, Leather Seats, Heated Seats, Backup Camera"
909,"Remote Start, Leather Seats, Heated Seats, Bluetooth"
910,"Remote Start, Leather Seats, Heated Seats, GPS"
911,"Remote Start, Leather Seats, Heated Seats, Sunroof"
912,"Remote Start, Leather Seats, Sunroof"
913,"Remote Start, Leather Seats, Sunroof, Backup Camera"
914,"Remote Start, Leather Seats, Sunroof, Bluetooth"
915,"Remote Start, Leather Seats, Sunroof, GPS"
916,"Remote Start, Leather Seats, Sunroof, Heated Seats"
917,"Remote Start, Sunroof"
918,"Remote Start, Sunroof, Backup Camera"
919,"Remote Start, Sunroof, Backup Camera, Bluetooth"
920,"Remote Start, Sunroof, Backup Camera, GPS"
921,"Remote Start, Sunroof, Backup Camera, Heated Seats"
922,"Remote Start, Sunroof, Backup Camera, Leather Seats"
923,"Remote Start, Sunroof, Bluetooth"
924,"Remote Start, Sunroof, Bluetooth, Backup Camera"
925,"Remote Start, Sunroof, Bluetooth, GPS"
926,"Remote Start, Sunroof, Bluetooth, Heated Seats"
927,"Remote Start, Sunroof, Bluetooth, Leather Seats"
928,"Remote Start, Sunroof, GPS"
929,"Remote Start, Sunroof, GPS, Backup Camera"
930,"Remote Start, Sunroof, GPS, Bluetooth"
931,"Remote Start, Sunroof, GPS, Heated Seats"
932,"Remote Start, Sunroof, GPS, Leather Seats"
933,"Remote Start, Sunroof, Heated Seats"
934,"Remote Start, Sunroof, Heated Seats, Backup Camera"
935,"Remote Start, Sunroof, Heated Seats, Bluetooth"
936,"Remote Start, Sunroof, Heated Seats, GPS"
937,"Remote Start, Sunroof, Heated Seats, Leather Seats"
938,"Remote Start, Sunroof, Leather Seats"
939,"Remote Start, Sunroof, Leather Seats, Backup Camera"
940,"Remote Start, Sunroof, Leather Seats, Bluetooth"
941,"Remote Start, Sunroof, Leather Seats, GPS"
942,"Remote Start, Sunroof, Leather Seats, Heated Seats"
943,Sunroof
944,"Sunroof, Backup Camera"
945,"Sunroof, Backup Camera, Bluetooth"
946,"Sunroof, Backup Camera, Bluetooth, GPS"
947,"Sunroof, Backup Camera, Bluetooth, Heated Seats"
948,"Sunroof, Backup Camera, Bluetooth, Leather Seats"
949,"Sunroof, Backup Camera, Bluetooth, Remote Start"
950,"Sunroof, Backup Camera, GPS"
951,"Sunroof, Backup Camera, GPS, Bluetooth"
952,"Sunroof, Backup Camera, GPS, Heated Seats"
953,"Sunroof, Backup Camera, GPS, Leather Seats"
954,"Sunroof, Backup Camera, GPS, Remote Start"
955,"Sunroof, Backup Camera, Heated Seats"
956,"Sunroof, Backup Camera, Heated Seats, Bluetooth"
957,"Sunroof, Backup Camera, Heated Seats, GPS"
958,"Sunroof, Backup Camera, Heated Seats, Leather Seats"
959,"Sunroof, Backup Camera, Heated Seats, Remote Start"
960,"Sunroof, Backup Camera, Leather Seats"
961,"Sunroof, Backup Camera, Leather Seats, Bluetooth"
962,"Sunroof, Backup Camera, Leather Seats, GPS"
963,"Sunroof, Backup Camera, Leather Seats, Heated Seats"
964,"Sunroof, Backup Camera, Leather Seats, Remote Start"
965,"Sunroof, Backup Camera, Remote Start"
966,"Sunroof, Backup Camera, Remote Start, Bluetooth"
967,"Sunroof, Backup Camera, Remote Start, GPS"
968,"Sunroof, Backup Camera, Remote Start, Heated Seats"
969,"Sunroof, Backup Camera, Remote Start, Leather Seats"
970,"Sunroof, Bluetooth"
971,"Sunroof, Bluetooth, Backup Camera"
972,"Sunroof, Bluetooth, Backup Camera, GPS"
973,"Sunroof, Bluetooth, Backup Camera, Heated Seats"
974,"Sunroof, Bluetooth, Backup Camera, Leather Seats"
975,"Sunroof, Bluetooth, Backup Camera, Remote Start"
976,"Sunroof, Bluetooth, GPS"
977,"Sunroof, Bluetooth, GPS, Backup Camera"
978,"Sunroof, Bluetooth, GPS, Heated Seats"
979,"Sunroof, Bluetooth, GPS, Leather Seats"
980,"Sunroof, Bluetooth, GPS, Remote Start"
981,"Sunroof, Bluetooth, Heated Seats"
982,"Sunroof, Bluetooth, Heated Seats, Backup Camera"
983,"Sunroof, Bluetooth, Heated Seats, GPS"
984,"Sunroof, Bluetooth, Heated Seats, Leather Seats"
985,"Sunroof, Bluetooth, Heated Seats, Remote Start"
986,"Sunroof, Bluetooth, Leather Seats"
987,"Sunroof, Bluetooth, Leather Seats, Backup Camera"
988,"Sunroof, Bluetooth, Leather Seats, GPS"
989,"Sunroof, Bluetooth, Leather Seats, Heated Seats"
990,"Sunroof, Bluetooth, Leather Seats, Remote Start"
991,"Sunroof, Bluetooth, Remote Start"
992,"Sunroof, Bluetooth, Remote Start, Backup Camera"
993,"Sunroof, Bluetooth, Remote Start, GPS"
994,"Sunroof, Bluetooth, Remote Start, Heated Seats"
995,"Sunroof, Bluetooth, Remote Start, Leather Seats"
996,"Sunroof, GPS"
997,"Sunroof, GPS, Backup Camera"
998,"Sunroof, GPS, Backup Camera, Bluetooth"
999,"Sunroof, GPS, Backup Camera, Heated Seats"
1000,"Sunroof, GPS, Backup Camera, Leather Seats"
1001,"Sunroof, GPS, Backup Camera, Remote Start"
1002,"Sunroof, GPS, Bluetooth"
1003,"Sunroof, GPS, Bluetooth, Backup Camera"
1004,"Sunroof, GPS, Bluetooth, Heated Seats"
1005,"Sunroof, GPS, Bluetooth, Leather Seats"
1006,"Sunroof, GPS, Bluetooth, Remote Start"
1007,"Sunroof, GPS, Heated Seats"
1008,"Sunroof, GPS, Heated Seats, Backup Camera"
1009,"Sunroof, GPS, Heated Seats, Bluetooth"
1010,"Sunroof, GPS, Heated Seats, Leather Seats"
1011,"Sunroof, GPS, Heated Seats, Remote Start"
1012,"Sunroof, GPS, Leather Seats"
1013,"Sunroof, GPS, Leather Seats, Backup Camera"
1014,"Sunroof, GPS, Leather Seats, Bluetooth"
1015,"Sunroof, GPS, Leather Seats, Heated Seats"
1016,"Sunroof, GPS, Leather Seats, Remote Start"
1017,"Sunroof, GPS, Remote Start"
1018,"Sunroof, GPS, Remote Start, Backup Camera"
1019,"Sunroof, GPS, Remote Start, Bluetooth"
1020,"Sunroof, GPS, Remote Start, Heated Seats"
1021,"Sunroof, GPS, Remote Start, Leather Seats"
1022,"Sunroof, Heated Seats"
1023,"Sunroof, Heated Seats, Backup Camera"
1024,"Sunroof, Heated Seats, Backup Camera, Bluetooth"
1025,"Sunroof, Heated Seats, Backup Camera, GPS"
1026,"Sunroof, Heated Seats, Backup Camera, Leather Seats"
1027,"Sunroof, Heated Seats, Backup Camera, Remote Start"
1028,"Sunroof, Heated Seats, Bluetooth"
1029,"Sunroof, Heated Seats, Bluetooth, Backup Camera"
1030,"Sunroof, Heated Seats, Bluetooth, GPS"
1031,"Sunroof, Heated Seats, Bluetooth, Leather Seats"
1032,"Sunroof, Heated Seats, Bluetooth, Remote Start"
1033,"Sunroof, Heated Seats, GPS"
1034,"Sunroof, Heated Seats, GPS, Backup Camera"
1035,"Sunroof, Heated Seats, GPS, Bluetooth"
1036,"Sunroof, Heated Seats, GPS, Leather Seats"
1037,"Sunroof, Heated Seats, GPS, Remote Start"
1038,"Sunroof, Heated Seats, Leather Seats"
1039,"Sunroof, Heated Seats, Leather Seats, Backup Camera"
1040,"Sunroof, Heated Seats, Leather Seats, Bluetooth"
1041,"Sunroof, Heated Seats, Leather Seats, GPS"
1042,"Sunroof, Heated Seats, Leather Seats, Remote Start"
1043,"Sunroof, Heated Seats, Remote Start"
1044,"Sunroof, Heated Seats, Remote Start, Backup Camera"
1045,"Sunroof, Heated Seats, Remote Start, Bluetooth"
1046,"Sunroof, Heated Seats, Remote Start, GPS"
1047,"Sunroof, Heated Seats, Remote Start, Leather Seats"
1048,"Sunroof, Leather Seats"
1049,"Sunroof, Leather Seats, Backup Camera"
1050,"Sunroof, Leather Seats, Backup Camera, Bluetooth"
1051,"Sunroof, Leather Seats, Backup Camera, GPS"
1052,"Sunroof, Leather Seats, Backup Camera, Heated Seats"
1053,"Sunroof, Leather Seats, Backup Camera, Remote Start"
1054,"Sunroof, Leather Seats, Bluetooth"
1055,"Sunroof, Leather Seats, Bluetooth, Backup Camera"
1056,"Sunroof, Leather Seats, Bluetooth, GPS"
1057,"Sunroof, Leather Seats, Bluetooth, Heated Seats"
1058,"Sunroof, Leather Seats, Bluetooth, Remote Start"
1059,"Sunroof, Leather Seats, GPS"
1060,"Sunroof, Leather Seats, GPS, Backup Camera"
1061,"Sunroof, Leather Seats, GPS, Bluetooth"
1062,"Sunroof, Leather Seats, GPS, Heated Seats"
1063,"Sunroof, Leather Seats, GPS, Remote Start"
1064,"Sunroof, Leather Seats, Heated Seats"
1065,"Sunroof, Leather Seats, Heated Seats, Backup Camera"
1066,"Sunroof, Leather Seats, Heated Seats, Bluetooth"
1067,"Sunroof, Leather Seats, Heated Seats, GPS"
1068,"Sunroof, Leather Seats, Heated Seats, Remote Start"
1069,"Sunroof, Leather Seats, Remote Start"
1070,"Sunroof, Leather Seats, Remote Start, Backup Camera"
1071,"Sunroof, Leather Seats, Remote Start, Bluetooth"
1072,"Sunroof, Leather Seats, Remote Start, GPS"
1073,"Sunroof, Leather Seats, Remote Start, Heated Seats"
1074,"Sunroof, Remote Start"
1075,"Sunroof, Remote Start, Backup Camera"
1076,"Sunroof, Remote Start, Backup Camera, Bluetooth"
1077,"Sunroof, Remote Start, Backup Camera, GPS"
1078,"Sunroof, Remote Start, Backup Camera, Heated Seats"
1079,"Sunroof, Remote Start, Backup Camera, Leather Seats"
1080,"Sunroof, Remote Start, Bluetooth"
1081,"Sunroof, Remote Start, Bluetooth, Backup Camera"
1082,"Sunroof, Remote Start, Bluetooth, GPS"
1083,"Sunroof, Remote Start, Bluetooth, Heated Seats"
1084,"Sunroof, Remote Start, Bluetooth, Leather Seats"
1085,"Sunroof, Remote Start, GPS"
1086,"Sunroof, Remote Start, GPS, Backup Camera"
1087,"Sunroof, Remote Start, GPS, Bluetooth"
1088,"Sunroof, Remote Start, GPS, Heated Seats"
1089,"Sunroof, Remote Start, GPS, Leather Seats"
1090,"Sunroof, Remote Start, Heated Seats"
1091,"Sunroof, Remote Start, Heated Seats, Backup Camera"
1092,"Sunroof, Remote Start, Heated Seats, Bluetooth"
1093,"Sunroof, Remote Start, Heated Seats, GPS"
1094,"Sunroof, Remote Start, Heated Seats, Leather Seats"
1095,"Sunroof, Remote Start, Leather Seats"
1096,"Sunroof, Remote Start, Leather Seats, Backup Camera"
1097,"Sunroof, Remote Start, Leather Seats, Bluetooth"
1098,"Sunroof, Remote Start, Leather Seats, GPS"
1099,"Sunroof, Remote Start, Leather Seats, Heated Seats"
